{
  "best_metric": null,
  "best_model_checkpoint": null,
  "epoch": 0.45808520384791573,
  "eval_steps": 500,
  "global_step": 2000,
  "is_hyper_param_search": false,
  "is_local_process_zero": true,
  "is_world_process_zero": true,
  "log_history": [
    {
      "epoch": 0.01,
      "learning_rate": 9.880829015544043e-05,
      "loss": 6.5854,
      "step": 50
    },
    {
      "epoch": 0.02,
      "learning_rate": 9.751295336787565e-05,
      "loss": 0.002,
      "step": 100
    },
    {
      "epoch": 0.03,
      "learning_rate": 9.621761658031089e-05,
      "loss": 0.0002,
      "step": 150
    },
    {
      "epoch": 0.05,
      "learning_rate": 9.492227979274611e-05,
      "loss": 0.0001,
      "step": 200
    },
    {
      "epoch": 0.06,
      "learning_rate": 9.362694300518136e-05,
      "loss": 0.0001,
      "step": 250
    },
    {
      "epoch": 0.07,
      "learning_rate": 9.233160621761659e-05,
      "loss": 0.0001,
      "step": 300
    },
    {
      "epoch": 0.08,
      "learning_rate": 9.103626943005181e-05,
      "loss": 0.0001,
      "step": 350
    },
    {
      "epoch": 0.09,
      "learning_rate": 8.974093264248705e-05,
      "loss": 0.0,
      "step": 400
    },
    {
      "epoch": 0.1,
      "learning_rate": 8.844559585492229e-05,
      "loss": 0.0,
      "step": 450
    },
    {
      "epoch": 0.11,
      "learning_rate": 8.715025906735752e-05,
      "loss": 0.0,
      "step": 500
    },
    {
      "epoch": 0.13,
      "learning_rate": 8.585492227979275e-05,
      "loss": 0.0,
      "step": 550
    },
    {
      "epoch": 0.14,
      "learning_rate": 8.455958549222798e-05,
      "loss": 0.0,
      "step": 600
    },
    {
      "epoch": 0.15,
      "learning_rate": 8.326424870466322e-05,
      "loss": 0.0,
      "step": 650
    },
    {
      "epoch": 0.16,
      "learning_rate": 8.196891191709845e-05,
      "loss": 0.0,
      "step": 700
    },
    {
      "epoch": 0.17,
      "learning_rate": 8.067357512953368e-05,
      "loss": 0.0,
      "step": 750
    },
    {
      "epoch": 0.18,
      "learning_rate": 7.937823834196891e-05,
      "loss": 0.0,
      "step": 800
    },
    {
      "epoch": 0.19,
      "learning_rate": 7.808290155440416e-05,
      "loss": 0.0001,
      "step": 850
    },
    {
      "epoch": 0.21,
      "learning_rate": 7.678756476683938e-05,
      "loss": 0.0,
      "step": 900
    },
    {
      "epoch": 0.22,
      "learning_rate": 7.54922279792746e-05,
      "loss": 0.0,
      "step": 950
    },
    {
      "epoch": 0.23,
      "learning_rate": 7.419689119170984e-05,
      "loss": 0.0,
      "step": 1000
    },
    {
      "epoch": 0.24,
      "learning_rate": 7.290155440414508e-05,
      "loss": 0.0,
      "step": 1050
    },
    {
      "epoch": 0.25,
      "learning_rate": 7.160621761658032e-05,
      "loss": 0.0,
      "step": 1100
    },
    {
      "epoch": 0.26,
      "learning_rate": 7.031088082901554e-05,
      "loss": 0.0,
      "step": 1150
    },
    {
      "epoch": 0.27,
      "learning_rate": 6.901554404145078e-05,
      "loss": 0.0,
      "step": 1200
    },
    {
      "epoch": 0.29,
      "learning_rate": 6.772020725388602e-05,
      "loss": 0.0,
      "step": 1250
    },
    {
      "epoch": 0.3,
      "learning_rate": 6.642487046632124e-05,
      "loss": 0.0,
      "step": 1300
    },
    {
      "epoch": 0.31,
      "learning_rate": 6.512953367875648e-05,
      "loss": 0.0,
      "step": 1350
    },
    {
      "epoch": 0.32,
      "learning_rate": 6.383419689119172e-05,
      "loss": 0.0,
      "step": 1400
    },
    {
      "epoch": 0.33,
      "learning_rate": 6.253886010362696e-05,
      "loss": 0.0,
      "step": 1450
    },
    {
      "epoch": 0.34,
      "learning_rate": 6.124352331606218e-05,
      "loss": 0.0,
      "step": 1500
    },
    {
      "epoch": 0.36,
      "learning_rate": 5.994818652849741e-05,
      "loss": 0.0,
      "step": 1550
    },
    {
      "epoch": 0.37,
      "learning_rate": 5.865284974093265e-05,
      "loss": 0.0,
      "step": 1600
    },
    {
      "epoch": 0.38,
      "learning_rate": 5.735751295336788e-05,
      "loss": 0.0,
      "step": 1650
    },
    {
      "epoch": 0.39,
      "learning_rate": 5.6062176165803116e-05,
      "loss": 0.0,
      "step": 1700
    },
    {
      "epoch": 0.4,
      "learning_rate": 5.476683937823835e-05,
      "loss": 0.0,
      "step": 1750
    },
    {
      "epoch": 0.41,
      "learning_rate": 5.347150259067357e-05,
      "loss": 0.0,
      "step": 1800
    },
    {
      "epoch": 0.42,
      "learning_rate": 5.2176165803108815e-05,
      "loss": 0.0,
      "step": 1850
    },
    {
      "epoch": 0.44,
      "learning_rate": 5.088082901554404e-05,
      "loss": 0.0,
      "step": 1900
    },
    {
      "epoch": 0.45,
      "learning_rate": 4.9585492227979277e-05,
      "loss": 0.0,
      "step": 1950
    },
    {
      "epoch": 0.46,
      "learning_rate": 4.829015544041451e-05,
      "loss": 0.0,
      "step": 2000
    }
  ],
  "logging_steps": 50,
  "max_steps": 3860,
  "num_train_epochs": 1,
  "save_steps": 1000,
  "total_flos": 7.817863513689293e+16,
  "trial_name": null,
  "trial_params": null
}
